-- phpMyAdmin SQL Dump
-- version 5.2.1
-- https://www.phpmyadmin.net/
--
-- Anamakine: localhost
-- Üretim Zamanı: 26 May 2024, 23:53:18
-- Sunucu sürümü: 10.4.28-MariaDB
-- PHP Sürümü: 8.2.4

SET SQL_MODE = "NO_AUTO_VALUE_ON_ZERO";
START TRANSACTION;
SET time_zone = "+00:00";


/*!40101 SET @OLD_CHARACTER_SET_CLIENT=@@CHARACTER_SET_CLIENT */;
/*!40101 SET @OLD_CHARACTER_SET_RESULTS=@@CHARACTER_SET_RESULTS */;
/*!40101 SET @OLD_COLLATION_CONNECTION=@@COLLATION_CONNECTION */;
/*!40101 SET NAMES utf8mb4 */;

--
-- Veritabanı: `mvogms_db`
--

-- --------------------------------------------------------

--
-- Tablo için tablo yapısı `cart_list`
--

CREATE TABLE `cart_list` (
  `id` int(30) NOT NULL,
  `client_id` int(30) NOT NULL,
  `product_id` int(30) NOT NULL,
  `quantity` float NOT NULL DEFAULT 0
) ENGINE=InnoDB DEFAULT CHARSET=utf8mb4 COLLATE=utf8mb4_general_ci;

--
-- Tablo döküm verisi `cart_list`
--

INSERT INTO `cart_list` (`id`, `client_id`, `product_id`, `quantity`) VALUES
(17, 1, 1, 5);

-- --------------------------------------------------------

--
-- Tablo için tablo yapısı `category_list`
--

CREATE TABLE `category_list` (
  `id` int(30) NOT NULL,
  `vendor_id` int(30) NOT NULL,
  `name` text NOT NULL,
  `description` text NOT NULL,
  `status` tinyint(1) NOT NULL DEFAULT 1,
  `delete_flag` tinyint(1) NOT NULL DEFAULT 0,
  `date_created` datetime NOT NULL DEFAULT current_timestamp(),
  `date_updated` datetime DEFAULT NULL ON UPDATE current_timestamp()
) ENGINE=InnoDB DEFAULT CHARSET=utf8mb4 COLLATE=utf8mb4_general_ci;

--
-- Tablo döküm verisi `category_list`
--

INSERT INTO `category_list` (`id`, `vendor_id`, `name`, `description`, `status`, `delete_flag`, `date_created`, `date_updated`) VALUES
(2, 2, 'Sample 101', 'This is a sample Category Only.', 1, 0, '2022-02-09 11:03:40', '2022-02-09 11:05:03'),
(3, 2, 'Sample 102', 'This is a sample Category 102', 1, 0, '2022-02-09 11:05:57', NULL),
(4, 2, 'Category 103', 'Sample Category 103', 1, 0, '2022-02-09 11:06:10', NULL),
(5, 2, 'test', 'test', 0, 1, '2022-02-09 11:06:17', '2022-02-09 11:06:20'),
(6, 1, 'Category 101', 'Lorem ipsum dolor sit amet, consectetur adipiscing elit. Ut semper leo vitae dui rutrum ultricies. Etiam sit amet odio lorem. In sit amet cursus justo', 1, 0, '2022-02-09 11:09:36', NULL),
(7, 1, 'Category 102', 'Morbi pellentesque, dolor in sodales pretium, libero leo finibus arcu, vitae pharetra ligula quam quis enim. Quisque suscipit venenatis finibus.', 1, 0, '2022-02-09 11:09:45', NULL),
(8, 1, 'Category 103', 'Curabitur fermentum, diam ut dictum molestie, eros dolor luctus dolor, in hendrerit dui sapien vel lorem. Nulla ultrices gravida nisl, id feugiat turpis varius a. In iaculis lorem nisi. Aliquam nec aliquam ipsum, vitae fermentum dui.', 1, 0, '2022-02-09 11:10:19', NULL),
(9, 1, 'Category 104', 'Phasellus luctus ultricies dui, non euismod massa congue id. Fusce ut nisi convallis, aliquam dolor consectetur, varius enim. Phasellus dignissim, erat ac ullamcorper lacinia, nibh est auctor risus, eget ornare est felis et orci.', 1, 0, '2022-02-09 11:10:35', NULL),
(10, 1, 'test', 'test', 1, 0, '2023-06-05 20:53:21', NULL);

-- --------------------------------------------------------

--
-- Tablo için tablo yapısı `client_list`
--

CREATE TABLE `client_list` (
  `id` int(30) NOT NULL,
  `code` varchar(100) NOT NULL,
  `firstname` text NOT NULL,
  `middlename` text DEFAULT NULL,
  `lastname` text NOT NULL,
  `gender` text NOT NULL,
  `contact` text NOT NULL,
  `address` text NOT NULL,
  `email` text NOT NULL,
  `password` text NOT NULL,
  `avatar` text DEFAULT NULL,
  `status` tinyint(1) NOT NULL DEFAULT 1,
  `delete_flag` tinyint(1) NOT NULL DEFAULT 0,
  `date_created` datetime NOT NULL DEFAULT current_timestamp(),
  `date_updated` datetime DEFAULT NULL ON UPDATE current_timestamp()
) ENGINE=InnoDB DEFAULT CHARSET=utf8mb4 COLLATE=utf8mb4_general_ci;

--
-- Tablo döküm verisi `client_list`
--

INSERT INTO `client_list` (`id`, `code`, `firstname`, `middlename`, `lastname`, `gender`, `contact`, `address`, `email`, `password`, `avatar`, `status`, `delete_flag`, `date_created`, `date_updated`) VALUES
(1, '202202-00001', 'John', 'D', 'Smith', 'Male', '09123456789', 'This is only my sample address', 'jsmith@sample.com', '1254737c076cf867dc53d60a0364f38e', 'uploads/clients/1.png?v=1644386016', 1, 0, '2022-02-09 13:53:36', '2022-02-10 13:42:53'),
(2, '202202-00002', 'test', 'test', 'test', 'Male', '094564654', 'test', 'test@sample.com', '098f6bcd4621d373cade4e832627b4f6', 'uploads/clients/2.png?v=1644471867', 1, 1, '2022-02-10 13:44:26', '2022-02-10 13:44:35'),
(3, '202405-00001', 'ali', '', 'ali', 'Male', '2', 'a', 'ali@ali.com', '3861a60523ef89a017be166c5b325409', NULL, 1, 0, '2024-05-26 22:15:27', NULL);

-- --------------------------------------------------------

--
-- Tablo için tablo yapısı `order_items`
--

CREATE TABLE `order_items` (
  `order_id` int(30) NOT NULL,
  `product_id` int(30) NOT NULL,
  `quantity` double NOT NULL DEFAULT 0,
  `price` double NOT NULL DEFAULT 0,
  `date_created` datetime NOT NULL DEFAULT current_timestamp()
) ENGINE=InnoDB DEFAULT CHARSET=utf8mb4 COLLATE=utf8mb4_general_ci;

--
-- Tablo döküm verisi `order_items`
--

INSERT INTO `order_items` (`order_id`, `product_id`, `quantity`, `price`, `date_created`) VALUES
(1, 1, 3, 1500, '2022-02-10 09:56:49'),
(5, 1, 1, 1500, '2024-05-26 22:15:41');

-- --------------------------------------------------------

--
-- Tablo için tablo yapısı `order_list`
--

CREATE TABLE `order_list` (
  `id` int(30) NOT NULL,
  `code` varchar(100) NOT NULL,
  `client_id` int(30) NOT NULL,
  `vendor_id` int(30) NOT NULL,
  `total_amount` double NOT NULL DEFAULT 0,
  `delivery_address` text NOT NULL,
  `status` tinyint(1) NOT NULL DEFAULT 0,
  `date_created` datetime NOT NULL DEFAULT current_timestamp(),
  `date_updated` datetime DEFAULT NULL ON UPDATE current_timestamp()
) ENGINE=InnoDB DEFAULT CHARSET=utf8mb4 COLLATE=utf8mb4_general_ci;

--
-- Tablo döküm verisi `order_list`
--

INSERT INTO `order_list` (`id`, `code`, `client_id`, `vendor_id`, `total_amount`, `delivery_address`, `status`, `date_created`, `date_updated`) VALUES
(1, '202202-00001', 1, 1, 4500, 'This is only my sample address', 5, '2022-02-10 09:56:49', '2022-02-10 11:52:53'),
(2, '202202-00002', 1, 2, 7359.9, 'This is only my sample address', 0, '2022-02-10 09:56:49', '2022-02-10 09:56:49'),
(3, '202202-00003', 1, 1, 1325, 'This is only my sample address', 1, '2022-02-10 10:29:00', '2022-02-10 12:09:59'),
(4, '202202-00004', 1, 2, 2320.61, 'This is only my sample address', 0, '2022-02-10 10:29:01', '2022-02-10 10:29:01'),
(5, '202405-00001', 3, 1, 1500, 'a', 0, '2024-05-26 22:15:41', '2024-05-26 22:15:41');

-- --------------------------------------------------------

--
-- Tablo için tablo yapısı `product_list`
--

CREATE TABLE `product_list` (
  `id` int(30) NOT NULL,
  `vendor_id` int(30) DEFAULT NULL,
  `category_id` int(30) DEFAULT NULL,
  `name` text NOT NULL,
  `description` text NOT NULL,
  `price` double NOT NULL DEFAULT 0,
  `image_path` text DEFAULT NULL,
  `status` tinyint(1) NOT NULL DEFAULT 1,
  `delete_flag` tinyint(1) NOT NULL DEFAULT 0,
  `date_created` datetime NOT NULL DEFAULT current_timestamp(),
  `date_updated` datetime DEFAULT NULL ON UPDATE current_timestamp()
) ENGINE=InnoDB DEFAULT CHARSET=utf8mb4 COLLATE=utf8mb4_general_ci;

--
-- Tablo döküm verisi `product_list`
--

INSERT INTO `product_list` (`id`, `vendor_id`, `category_id`, `name`, `description`, `price`, `image_path`, `status`, `delete_flag`, `date_created`, `date_updated`) VALUES
(1, 1, 9, 'Product 101', '<p style=\"margin-right: 0px; margin-bottom: 15px; margin-left: 0px; padding: 0px;\">Lorem ipsum dolor sit amet, consectetur adipiscing elit. Ut semper leo vitae dui rutrum ultricies. Etiam sit amet odio lorem. In sit amet cursus justo. Morbi pellentesque, dolor in sodales pretium, libero leo finibus arcu, vitae pharetra ligula quam quis enim. Quisque suscipit venenatis finibus. Curabitur fermentum, diam ut dictum molestie, eros dolor luctus dolor, in hendrerit dui sapien vel lorem. Nulla ultrices gravida nisl, id feugiat turpis varius a. In iaculis lorem nisi. Aliquam nec aliquam ipsum, vitae fermentum dui.</p><p style=\"margin-right: 0px; margin-bottom: 15px; margin-left: 0px; padding: 0px;\">Phasellus luctus ultricies dui, non euismod massa congue id. Fusce ut nisi convallis, aliquam dolor consectetur, varius enim. Phasellus dignissim, erat ac ullamcorper lacinia, nibh est auctor risus, eget ornare est felis et orci. Pellentesque aliquam, lectus sed porttitor consequat, sem orci fringilla nisi, a pellentesque metus tellus nec tellus. Nullam metus tortor, mattis in tristique et, tincidunt ac dui. Praesent id viverra diam, vel cursus nulla. Vestibulum ut lobortis velit, a euismod eros. Integer dignissim finibus rhoncus. Praesent non neque ac ipsum lobortis commodo sed ac massa. Mauris justo tortor, dapibus sit amet dui sed, congue vehicula urna.</p>', 1500, 'uploads/products/1.png?v=1644379549', 1, 0, '2024-05-26 12:05:49', '2024-05-26 22:13:16');

-- --------------------------------------------------------

--
-- Tablo için tablo yapısı `shop_type_list`
--

CREATE TABLE `shop_type_list` (
  `id` int(30) NOT NULL,
  `name` text NOT NULL,
  `status` tinyint(1) NOT NULL DEFAULT 1,
  `delete_flag` tinyint(1) NOT NULL DEFAULT 0,
  `date_created` datetime NOT NULL DEFAULT current_timestamp(),
  `date_updated` datetime DEFAULT NULL ON UPDATE current_timestamp()
) ENGINE=InnoDB DEFAULT CHARSET=utf8mb4 COLLATE=utf8mb4_general_ci;

--
-- Tablo döküm verisi `shop_type_list`
--

INSERT INTO `shop_type_list` (`id`, `name`, `status`, `delete_flag`, `date_created`, `date_updated`) VALUES
(1, 'Dry Goods', 1, 0, '2022-02-09 08:49:34', NULL),
(2, 'Cosmetics', 1, 0, '2022-02-09 08:49:46', NULL),
(3, 'Produce', 1, 0, '2022-02-09 08:50:31', NULL),
(4, 'Anyy', 1, 0, '2022-02-09 08:50:36', '2022-02-09 08:50:57'),
(5, 'Others', 1, 1, '2022-02-09 08:50:41', '2022-02-09 08:50:45');

-- --------------------------------------------------------

--
-- Tablo için tablo yapısı `system_info`
--

CREATE TABLE `system_info` (
  `id` int(30) NOT NULL,
  `meta_field` text NOT NULL,
  `meta_value` text NOT NULL
) ENGINE=InnoDB DEFAULT CHARSET=utf8mb4 COLLATE=utf8mb4_general_ci;

--
-- Tablo döküm verisi `system_info`
--

INSERT INTO `system_info` (`id`, `meta_field`, `meta_value`) VALUES
(1, 'name', 'BOOK STORE SHOPPİNG ONLİNE'),
(6, 'short_name', 'MVOGMS - PHP'),
(11, 'logo', 'uploads/logo-1644367440.png'),
(13, 'user_avatar', 'uploads/user_avatar.jpg'),
(14, 'cover', 'uploads/1.png');

-- --------------------------------------------------------

--
-- Tablo için tablo yapısı `users`
--

CREATE TABLE `users` (
  `id` int(50) NOT NULL,
  `firstname` varchar(250) NOT NULL,
  `lastname` varchar(250) NOT NULL,
  `username` text NOT NULL,
  `password` text NOT NULL,
  `avatar` text DEFAULT NULL,
  `last_login` datetime DEFAULT NULL,
  `type` tinyint(1) NOT NULL DEFAULT 0,
  `date_added` datetime NOT NULL DEFAULT current_timestamp(),
  `date_updated` datetime DEFAULT NULL ON UPDATE current_timestamp()
) ENGINE=InnoDB DEFAULT CHARSET=utf8mb4 COLLATE=utf8mb4_general_ci;

--
-- Tablo döküm verisi `users`
--

INSERT INTO `users` (`id`, `firstname`, `lastname`, `username`, `password`, `avatar`, `last_login`, `type`, `date_added`, `date_updated`) VALUES
(1, 'Adminstrator', 'Admin', 'admin', '0192023a7bbd73250516f069df18b500', 'uploads/avatar-1.png?v=1644472635', NULL, 1, '2021-01-20 14:02:37', '2022-02-10 13:57:15'),
(11, 'Claire', 'Blake', 'cblake', '4744ddea876b11dcb1d169fadf494418', 'uploads/avatar-11.png?v=1644472553', NULL, 2, '2022-02-10 13:55:52', '2022-02-10 13:55:53');

-- --------------------------------------------------------

--
-- Tablo için tablo yapısı `vendor_list`
--

CREATE TABLE `vendor_list` (
  `id` int(30) NOT NULL,
  `code` varchar(100) NOT NULL,
  `shop_type_id` int(30) NOT NULL,
  `shop_name` text NOT NULL,
  `shop_owner` text NOT NULL,
  `contact` text NOT NULL,
  `username` text NOT NULL,
  `password` text NOT NULL,
  `avatar` text DEFAULT NULL,
  `status` tinyint(1) NOT NULL DEFAULT 1,
  `delete_flag` tinyint(1) NOT NULL DEFAULT 0,
  `date_created` datetime NOT NULL DEFAULT current_timestamp(),
  `date_updated` datetime DEFAULT NULL ON UPDATE current_timestamp()
) ENGINE=InnoDB DEFAULT CHARSET=utf8mb4 COLLATE=utf8mb4_general_ci;

--
-- Tablo döküm verisi `vendor_list`
--

INSERT INTO `vendor_list` (`id`, `code`, `shop_type_id`, `shop_name`, `shop_owner`, `contact`, `username`, `password`, `avatar`, `status`, `delete_flag`, `date_created`, `date_updated`) VALUES
(1, '202202-00001', 4, 'Shop101', 'Shop 101 Owner', '09123456788', 'shop101', 'ee6c4d4ba80f29dd389f0deb8863de69', 'uploads/vendors/1.png?v=1644375053', 1, 0, '2022-02-09 10:50:53', '2022-02-10 13:43:21'),
(2, '202202-00002', 1, 'Shop102', 'John Miller', '09123456789', 'shop102', '90be022251077e3488c998613214df74', 'uploads/vendors/2.png?v=1644375129', 1, 0, '2022-02-09 10:52:09', '2022-02-09 17:02:54'),
(3, '202202-00003', 2, 'test', 'test', '123123123', 'test', '098f6bcd4621d373cade4e832627b4f6', 'uploads/vendors/3.png?v=1644471934', 1, 1, '2022-02-10 13:45:34', '2022-02-10 13:50:15');

--
-- Dökümü yapılmış tablolar için indeksler
--

--
-- Tablo için indeksler `cart_list`
--
ALTER TABLE `cart_list`
  ADD PRIMARY KEY (`id`),
  ADD KEY `client_id` (`client_id`),
  ADD KEY `product_id` (`product_id`);

--
-- Tablo için indeksler `category_list`
--
ALTER TABLE `category_list`
  ADD PRIMARY KEY (`id`),
  ADD KEY `vendor_id` (`vendor_id`);

--
-- Tablo için indeksler `client_list`
--
ALTER TABLE `client_list`
  ADD PRIMARY KEY (`id`);

--
-- Tablo için indeksler `order_items`
--
ALTER TABLE `order_items`
  ADD KEY `order_id` (`order_id`),
  ADD KEY `product_id` (`product_id`);

--
-- Tablo için indeksler `order_list`
--
ALTER TABLE `order_list`
  ADD PRIMARY KEY (`id`),
  ADD KEY `client_id` (`client_id`),
  ADD KEY `vendor_id` (`vendor_id`);

--
-- Tablo için indeksler `product_list`
--
ALTER TABLE `product_list`
  ADD PRIMARY KEY (`id`),
  ADD KEY `vendor_id` (`vendor_id`),
  ADD KEY `category_id` (`category_id`) USING BTREE;

--
-- Tablo için indeksler `shop_type_list`
--
ALTER TABLE `shop_type_list`
  ADD PRIMARY KEY (`id`);

--
-- Tablo için indeksler `system_info`
--
ALTER TABLE `system_info`
  ADD PRIMARY KEY (`id`);

--
-- Tablo için indeksler `users`
--
ALTER TABLE `users`
  ADD PRIMARY KEY (`id`);

--
-- Tablo için indeksler `vendor_list`
--
ALTER TABLE `vendor_list`
  ADD PRIMARY KEY (`id`),
  ADD KEY `shop_type_id` (`shop_type_id`);

--
-- Dökümü yapılmış tablolar için AUTO_INCREMENT değeri
--

--
-- Tablo için AUTO_INCREMENT değeri `cart_list`
--
ALTER TABLE `cart_list`
  MODIFY `id` int(30) NOT NULL AUTO_INCREMENT, AUTO_INCREMENT=19;

--
-- Tablo için AUTO_INCREMENT değeri `category_list`
--
ALTER TABLE `category_list`
  MODIFY `id` int(30) NOT NULL AUTO_INCREMENT, AUTO_INCREMENT=11;

--
-- Tablo için AUTO_INCREMENT değeri `client_list`
--
ALTER TABLE `client_list`
  MODIFY `id` int(30) NOT NULL AUTO_INCREMENT, AUTO_INCREMENT=4;

--
-- Tablo için AUTO_INCREMENT değeri `order_list`
--
ALTER TABLE `order_list`
  MODIFY `id` int(30) NOT NULL AUTO_INCREMENT, AUTO_INCREMENT=6;

--
-- Tablo için AUTO_INCREMENT değeri `product_list`
--
ALTER TABLE `product_list`
  MODIFY `id` int(30) NOT NULL AUTO_INCREMENT, AUTO_INCREMENT=9;

--
-- Tablo için AUTO_INCREMENT değeri `shop_type_list`
--
ALTER TABLE `shop_type_list`
  MODIFY `id` int(30) NOT NULL AUTO_INCREMENT, AUTO_INCREMENT=6;

--
-- Tablo için AUTO_INCREMENT değeri `system_info`
--
ALTER TABLE `system_info`
  MODIFY `id` int(30) NOT NULL AUTO_INCREMENT, AUTO_INCREMENT=15;

--
-- Tablo için AUTO_INCREMENT değeri `users`
--
ALTER TABLE `users`
  MODIFY `id` int(50) NOT NULL AUTO_INCREMENT, AUTO_INCREMENT=12;

--
-- Tablo için AUTO_INCREMENT değeri `vendor_list`
--
ALTER TABLE `vendor_list`
  MODIFY `id` int(30) NOT NULL AUTO_INCREMENT, AUTO_INCREMENT=4;

--
-- Dökümü yapılmış tablolar için kısıtlamalar
--

--
-- Tablo kısıtlamaları `cart_list`
--
ALTER TABLE `cart_list`
  ADD CONSTRAINT `cart_list_ibfk_1` FOREIGN KEY (`client_id`) REFERENCES `client_list` (`id`) ON DELETE CASCADE,
  ADD CONSTRAINT `cart_list_ibfk_2` FOREIGN KEY (`product_id`) REFERENCES `product_list` (`id`) ON DELETE CASCADE;

--
-- Tablo kısıtlamaları `category_list`
--
ALTER TABLE `category_list`
  ADD CONSTRAINT `category_list_ibfk_1` FOREIGN KEY (`vendor_id`) REFERENCES `vendor_list` (`id`) ON DELETE CASCADE;

--
-- Tablo kısıtlamaları `order_items`
--
ALTER TABLE `order_items`
  ADD CONSTRAINT `order_items_ibfk_1` FOREIGN KEY (`order_id`) REFERENCES `order_list` (`id`) ON DELETE CASCADE,
  ADD CONSTRAINT `order_items_ibfk_2` FOREIGN KEY (`product_id`) REFERENCES `product_list` (`id`) ON DELETE CASCADE;

--
-- Tablo kısıtlamaları `order_list`
--
ALTER TABLE `order_list`
  ADD CONSTRAINT `order_list_ibfk_1` FOREIGN KEY (`client_id`) REFERENCES `client_list` (`id`) ON DELETE CASCADE,
  ADD CONSTRAINT `order_list_ibfk_2` FOREIGN KEY (`vendor_id`) REFERENCES `vendor_list` (`id`) ON DELETE CASCADE;

--
-- Tablo kısıtlamaları `product_list`
--
ALTER TABLE `product_list`
  ADD CONSTRAINT `product_list_ibfk_1` FOREIGN KEY (`vendor_id`) REFERENCES `vendor_list` (`id`) ON DELETE SET NULL,
  ADD CONSTRAINT `product_list_ibfk_2` FOREIGN KEY (`category_id`) REFERENCES `category_list` (`id`) ON DELETE CASCADE;

--
-- Tablo kısıtlamaları `vendor_list`
--
ALTER TABLE `vendor_list`
  ADD CONSTRAINT `vendor_list_ibfk_1` FOREIGN KEY (`shop_type_id`) REFERENCES `shop_type_list` (`id`) ON DELETE CASCADE;
COMMIT;

/*!40101 SET CHARACTER_SET_CLIENT=@OLD_CHARACTER_SET_CLIENT */;
/*!40101 SET CHARACTER_SET_RESULTS=@OLD_CHARACTER_SET_RESULTS */;
/*!40101 SET COLLATION_CONNECTION=@OLD_COLLATION_CONNECTION */;
